"last_name, first_name","player_id","year","pa","k_percent","bb_percent","woba","xwoba","sweet_spot_percent","barrel_batted_rate","hard_hit_percent","avg_best_speed","avg_hyper_speed","whiff_percent","swing_percent"
"Semien, Marcus",543760,2022,724,16.6,7.3,".317",".306",32.4,6.8,34.9,"97.838624343","93.00847117",20.6,47.2
"Pham, Tommy",502054,2022,622,26.8,9,".304",".311",33.2,7.9,48.5,"102.514437436","95.778101436",26,42
"Wisdom, Patrick",621550,2022,534,34.3,9.9,".316",".295",29.8,14.2,46.3,"102.164032394","95.695873993",36.5,48.1
"Bregman, Alex",608324,2022,656,11.7,13.3,".358",".350",36.2,7.3,37.8,"98.378645333","93.364139021",14.9,40.3
"García, Adolis",666969,2022,657,27.9,6.1,".324",".322",36.9,12.9,47.4,"102.368780141","95.786867388",33.5,53.5
"Kim, Ha-Seong",673490,2022,582,17.2,8.8,".313",".309",34,4.2,32.4,"97.647567656","92.869312734",19.1,43.3
"Kwan, Steven",680757,2022,638,9.4,9.7,".341",".312",34.6,1.4,20.8,"94.219058287","91.134248486",9,38.1
"Ramírez, José",608070,2022,685,12,10.1,".363",".320",33.7,6.6,36.9,"98.871944811","93.503434175",15.3,46.3
"Aguilar, Jesús",542583,2022,507,23.5,5.5,".288",".298",39.7,6.9,36,"98.459753543","93.301003066",27,49.5
"Renfroe, Hunter",592669,2022,522,23.2,7.5,".347",".323",32.7,10.9,43.6,"101.645981292","95.173188394",27,47.8
"Rojas, Miguel",500743,2022,507,12,5.1,".268",".289",33.1,1.9,27.1,"96.249960631","92.126001845",15.8,47.9
"Varsho, Daulton",662139,2022,592,24.5,7.8,".323",".298",33.6,10.2,35.6,"99.211725904","93.6867316",25.3,50.6
"McCutchen, Andrew",457705,2022,580,21.4,9.8,".309",".325",36.2,8.6,40,"99.92693269","94.143160838",24.2,44.9
"Díaz, Yandy",650490,2022,558,10.8,14,".366",".365",30.7,4.8,49,"103.107838195","96.208559878",14.3,41.3
"Machado, Manny",592518,2022,644,20.7,9.8,".382",".338",36.7,9.8,49,"102.622706786","95.790495526",24.9,50.8
"Crawford, J.P.",641487,2022,603,13.3,11.3,".306",".315",32.4,2,29.7,"96.663647706","92.35483867",14.3,41.3
"Vaughn, Andrew",683734,2022,555,17.3,5.6,".327",".319",34.1,7.9,48.6,"101.162950291","95.12858284",21,47
"Escobar, Eduardo",500871,2022,542,23.8,7.4,".311",".314",38.7,9.4,37.6,"99.290072903","93.799689784",27.7,52.4
"Merrifield, Whit",593160,2022,550,15.5,6.9,".294",".288",37.9,4.2,31.1,"96.383459857","92.27510481",19.4,50.9
"Benintendi, Andrew",643217,2022,521,14.8,10,".342",".334",39.2,5.1,38.7,"98.21078057","93.391636347",20.7,48.2
"Tellez, Rowdy",642133,2022,599,20.2,10.4,".327",".349",31.4,12.9,46,"102.553838927","95.690567213",23.8,43.5
"Melendez Jr., MJ",669004,2022,534,24.5,12.4,".310",".332",31,10.4,43.5,"100.595888323","94.716383713",27.8,44.6
"Brown, Seth",664913,2022,555,26.3,9.2,".323",".338",34.9,13,41.4,"101.723429266","95.001222068",29.6,48.3
"Bogaerts, Xander",593428,2022,631,18.7,9,".363",".323",30.3,6.5,39.5,"99.97943964","94.08380455",24.8,45.7
"Nimmo, Brandon",607043,2022,673,17.2,10.5,".353",".338",28.1,7,39.8,"100.251301732","94.354698482",19.6,43.8
"Ozuna, Marcell",542303,2022,507,24.1,6.1,".298",".334",31.8,13.1,43.8,"101.775141886","95.035047714",28.7,49.4
"Cruz Jr., Nelson",443558,2022,507,23.5,9.7,".292",".320",28,9.3,46.1,"102.29838061","95.468978262",32,50.8
"Urshela, Gio",570482,2022,551,17.4,7.4,".332",".323",38.6,7,37.6,"99.120552402","93.736875907",21.4,53.1
"Frazier, Adam",624428,2022,602,12.1,7.6,".274",".297",37.7,1.5,24.5,"95.048135872","91.524067936",14.4,48.7
"Happ, Ian",664023,2022,641,23.2,9,".339",".306",29.2,6.5,40.4,"100.312408396","94.405566288",27.2,49
"McNeil, Jeff",643446,2022,589,10.4,6.8,".365",".323",39,2.7,30.2,"96.275278692","92.172015654",15.9,53.8
"Swanson, Dansby",621020,2022,696,26.1,7,".337",".337",37,10.8,46.3,"100.839209567","94.810341952",30.7,49.4
"Bellinger, Cody",641355,2022,550,27.3,6.9,".284",".278",34.4,8.3,38.1,"98.149983833","93.243694234",27.2,49.9
"Marte, Ketel",606466,2022,558,18.1,9.9,".317",".315",31.6,6.1,41.9,"101.202754619","94.845027056",20.7,46.1
"Flores, Wilmer",527038,2022,602,17.1,9.8,".312",".310",35.7,6.3,35.4,"97.672013814","92.963528089",18.9,45.6
"Straw, Myles",664702,2022,596,14.6,9.1,".257",".275",34.1,0.7,26.5,"95.486124533","91.784236481",12.6,40.5
"Rodríguez, Julio",677594,2022,560,25.9,7.1,".366",".337",32.7,13.1,50.7,"103.718795769","96.379006446",30.4,50.2
"Cron, C.J.",543068,2022,632,25.9,6.8,".335",".320",36.8,10.8,42.3,"101.410198894","94.867484771",24.3,47.7
"Kemp, Tony",643393,2022,558,12.4,8.1,".287",".267",33.9,1.6,14.9,"93.050155144","90.545713639",13.4,48.9
"Soto, Juan",665742,2022,664,14.5,20.3,".376",".401",28.5,12.4,47.4,"102.236934112","95.653888852",19.4,35.5
"Rosario, Amed",642708,2022,670,16.6,3.7,".311",".310",31.1,4.5,38.3,"99.690201132","93.991990529",21,53.1
"Báez, Javier",595879,2022,590,24.9,4.4,".291",".281",29.7,8,38,"99.689131182","93.890376232",35.8,55.8
"Altuve, Jose",514888,2022,604,14.4,10.9,".397",".354",35.4,7.7,29.7,"97.300246419","92.671072541",16.3,44.3
"Farmer, Kyle",571657,2022,583,17,5.7,".309",".311",37.7,4.4,33.8,"97.050252093","92.534027326",19.4,50.3
"Hayes, Ke'Bryan",663647,2022,560,21.8,8.6,".294",".300",30.6,3.9,46.8,"102.263213822","95.477046745",20.7,43.3
"Springer III, George",543807,2022,583,17.2,9.3,".352",".342",31.8,8.4,42.3,"101.320507081","94.768491799",28.2,50.9
"Hoerner, Nico",663538,2022,517,11,5.4,".320",".301",32.4,2.6,33.5,"97.678971875","92.920531108",14.2,49.2
"Santander, Anthony",623993,2022,647,18.9,8.5,".336",".352",33.5,11.6,43.3,"101.330998114","94.979132939",21.5,47.7
"Alonso, Pete",624413,2022,685,18.7,9.8,".366",".353",34.5,12.3,44.8,"102.849215397","95.616516548",24.2,49.9
"Bohm, Alec",664761,2022,631,17.4,4.9,".310",".333",37.7,6.8,43,"100.649873374","94.552579815",21.1,51.2
"Freeman, Freddie",518692,2022,708,14.4,11.9,".393",".403",42.9,9.9,47.8,"100.761588016","95.094269494",19.5,49.3
"Schoop, Jonathan",570731,2022,510,21,3.7,".245",".268",29.1,4.8,38.6,"99.967628556","93.993791257",28.2,55.5
"Tucker, Kyle",663656,2022,609,15.6,9.7,".348",".353",34.4,10.2,42.4,"100.332560357","94.468288036",20,52.7
"Betts, Mookie",605141,2022,639,16.3,8.6,".373",".344",36.2,9.7,44.9,"99.954466043","94.497072751",16.5,44.2
"Judge, Aaron",592450,2022,696,25.1,15.9,".458",".463",39,26.5,61.8,"107.110072714","99.053359221",29.8,42.7
"McMahon, Ryan",641857,2022,597,26.5,10.1,".326",".330",36.4,10.4,46.5,"102.094383676","95.689199432",28.2,45.2
"Mateo, Jorge",622761,2022,533,27.6,5.1,".281",".272",35.5,6,32.7,"98.63578407","93.337279593",31.1,53.9
"Martinez, J.D.",502110,2022,596,24.3,8.7,".343",".349",42,12.5,41.7,"100.92394699","94.707836352",30.1,51.9
"Castellanos, Nick",592206,2022,558,23.3,5.2,".304",".302",36.9,6.6,35.1,"98.393032843","93.293370431",32.2,57
"Cronenworth, Jake",630105,2022,684,19.2,10.2,".318",".303",32.3,5.6,34.1,"97.917362826","93.091918039",18,41.8
"Blackmon, Charlie",453568,2022,577,18.9,5.5,".317",".301",36.7,4.4,30.6,"97.426435333","92.732128429",21.4,51.5
"Verdugo, Alex",657077,2022,644,13.4,6.5,".319",".329",37.8,6,38.2,"99.112574241","93.706486823",15.5,45.3
"Seager, Corey",608369,2022,663,15.5,8.7,".331",".372",38.4,10.5,45.5,"101.598305628","95.219542252",26.5,54.5
"Profar, Jurickson",595777,2022,658,15.7,11.1,".320",".315",34.7,4,34.3,"97.859468559","92.98708518",18.8,43.6
"Acuña Jr., Ronald",660670,2022,533,23.6,9.9,".335",".366",32.8,12.8,49.7,"103.759318129","96.440064282",24.9,47.9
"Hernández, Teoscar",606192,2022,535,28.4,6.4,".348",".351",36.3,15,53.3,"103.420419483","96.496717867",35.1,48.8
"Donaldson, Josh",518626,2022,546,27.1,9.9,".302",".299",34.8,9.8,43.3,"100.977600417","94.867949761",33.3,47.3
"Correa, Carlos",621043,2022,590,20.5,10.3,".362",".360",35.3,11.4,44.7,"101.992873251","95.284200765",22,44.4
"Smith, Will",669257,2022,578,16.6,9.7,".349",".349",36.8,10.3,43,"99.764565096","94.188464255",19.3,42.6
"Lindor, Francisco",596019,2022,706,18.8,8.4,".342",".331",29.2,8.3,41.3,"99.740565418","94.14308743",22.9,47.8
"Arraez, Luis",650333,2022,603,7.1,8.3,".350",".333",38.7,3.6,30.2,"96.195004348","92.276757036",7.1,42.9
"Santana, Carlos",467793,2022,506,17.4,14,".308",".352",31.6,9.3,44.9,"100.993708488","94.851060233",21.3,42.6
"Lowe, Nathaniel",663993,2022,645,22.8,7.4,".368",".344",34.1,9.9,44.8,"101.963916216","95.317229707",24.9,52.2
"Gurriel Jr., Yuli",493329,2022,584,12.5,5.1,".285",".271",30.3,1.9,35.6,"98.291200127","93.270425297",14.3,48.5
"Rodgers, Brendan",663898,2022,581,17.4,7.9,".321",".326",31.3,7.2,45.9,"101.127645047","94.882864603",22.7,49.4
"Riley, Austin",663586,2022,693,24.2,8.2,".377",".378",37.7,15.7,50.8,"104.398300222","96.785171533",27.6,51.5
"Ward, Taylor",621493,2022,564,21.3,10.6,".362",".361",41.8,12.4,42.9,"100.184571947","94.439550026",22.3,41.4
"Alvarez, Yordan",670541,2022,561,18.9,13.9,".427",".460",40.7,21,59.8,"105.676985081","98.195923324",23.5,42.7
"Yelich, Christian",592885,2022,671,24.1,13.1,".328",".338",30.3,8.2,48.6,"102.984892126","96.020852446",25.1,43.2
"Kiner-Falefa, Isiah",643396,2022,531,13.6,6.6,".285",".290",29.6,1.2,30.1,"96.614692718","92.355143236",11.3,44.7
"Estrada, Thairo",642731,2022,541,16.5,6.1,".317",".299",31.6,4.4,31.1,"97.092146345","92.54814231",20.3,49.2
"Rojas, Josh",668942,2022,510,19.2,10.8,".326",".305",33.5,4.5,36.1,"98.050444128","93.265048338",22.3,41
"Arenado, Nolan",571448,2022,620,11.6,8.4,".381",".339",35.4,8.2,38.9,"99.558566721","93.952810862",19.1,48.4
"Torres, Gleyber",650402,2022,572,22.6,6.8,".328",".319",36.2,10.7,45.3,"100.5348042","94.660057845",27.2,49.6
"Rizzo, Anthony",519203,2022,548,18.4,10.6,".352",".349",34.2,10.9,41,"99.618112951","94.120579288",22.8,46.1
"Suárez, Eugenio",553993,2022,629,31.2,11.6,".344",".339",36.4,14.8,43.5,"100.691818466","94.681885812",33.1,41.8
"Olson, Matt",621566,2022,699,24.3,10.7,".344",".347",33.8,13.6,50.9,"103.665099911","96.545680491",28.9,49.5
"Schwarber, Kyle",656941,2022,669,29.9,12.9,".355",".375",35.4,20.1,54.4,"104.793857287","97.247555372",29.4,40.6
"Peña, Jeremy",665161,2022,558,24.2,3.9,".309",".304",32.9,9.7,36.7,"99.803563646","93.99255276",29.7,55.2
"Yastrzemski, Mike",573262,2022,558,25.3,10.9,".307",".314",36.2,11.1,42.5,"99.830966069","94.251098237",22.7,42.9
"Hernández, César",514917,2022,617,18.5,7.3,".283",".290",33.3,2.4,29.7,"96.449267051","92.257329931",21,47.5
"Giménez, Andrés",665926,2022,557,20.1,6.1,".364",".326",31.3,6.2,37.8,"99.022592","93.615976351",26.4,53.7
"France, Ty",664034,2022,613,15.3,5.7,".337",".321",34.8,5.4,36.8,"99.035163319","93.565264683",19.3,52.5
"Ohtani, Shohei",660271,2022,666,24.2,10.8,".370",".383",35,16.8,49.8,"103.823624272","96.520363788",28.1,49.3
"Arozarena, Randy",668227,2022,645,24.2,7.1,".336",".301",28.2,7.9,41,"101.17822","94.772195116",28.7,46.1
"Pollock, AJ",572041,2022,527,18.6,6.1,".297",".317",32.9,9.4,42,"100.414319188","94.34853632",24.7,53.6
"Bell, Josh",605137,2022,647,15.8,12.5,".344",".349",30.7,7.2,40.8,"100.551357456","94.511584791",21.7,45.3
"Hays, Austin",669720,2022,582,19.6,5.8,".314",".298",32.3,5.2,37.7,"98.997922429","93.543165976",23.5,51
"Chapman, Matt",656305,2022,621,27.4,11,".331",".341",34,12.9,51.2,"102.906606237","96.223630699",28.7,41.7
"Murphy, Sean",669221,2022,612,20.3,9.2,".331",".344",34.7,10.5,41.4,"101.085158756","94.706891435",24,49.3
"Rengifo, Luis",650859,2022,511,15.5,3.3,".314",".296",31.1,5.4,33.6,"98.09743639","93.096324743",21.5,55.7
"Realmuto, J.T.",592663,2022,562,21.2,7.3,".354",".351",35.6,11.3,47.2,"101.252893641","95.157569177",25.7,49
"Canha, Mark",592192,2022,542,17.9,8.9,".343",".323",32.2,4.9,36.6,"98.317698315","93.261380654",22.2,42.9
"Voit III, Luke",572228,2022,568,31.5,9.7,".311",".322",34.6,14.7,44.3,"101.411871585","94.98573844",37.6,52
"Winker, Jesse",608385,2022,547,18.8,15.4,".313",".345",32,7.6,34.3,"98.674499266","93.339254492",19.9,43.3
"Turner, Trea",607208,2022,708,18.5,6.4,".350",".335",35.3,7.6,41.6,"100.188198893","94.238854962",26.3,51.2
"Thomas, Lane",657041,2022,548,24.1,7.5,".308",".286",32.6,6.5,34.5,"98.449522283","93.255458474",21.1,44.1
"Mancini III, Trey",641820,2022,587,23,9,".312",".327",39.6,9.8,40.4,"100.078586134","94.256654381",27.4,48.1
"Devers, Rafael",646240,2022,614,18.6,8.1,".373",".361",33.1,11.5,50.9,"103.784239231","96.704402472",28.2,54.6
"Bichette, Bo",666182,2022,697,22.2,5.9,".347",".334",33.3,9.6,50.3,"102.743171296","96.003278846",23,55.9
"Abreu, José",547989,2022,679,16.2,9.1,".361",".373",34.5,9.5,51.8,"102.953606518","96.20270568",23.2,47.3
"Goldschmidt, Paul",502671,2022,651,21.7,12.1,".419",".367",31.8,11.6,47.4,"102.244608246","95.440152299",26.8,41.7
"Andrus, Elvis",462101,2022,577,15.9,6.8,".310",".293",29.1,4.5,34.8,"98.336003699","93.236647643",21.4,45.6
"LeMahieu, DJ",518934,2022,541,13.1,12.4,".329",".344",32.8,5.3,41.1,"99.499628485","94.048075494",15.7,39.5
"Muncy, Max",571970,2022,565,25,15.9,".318",".339",34.3,13.4,45.6,"100.488456196","94.680756043",26.1,38.6
"Adames, Willy",642715,2022,617,26.9,7.9,".325",".323",36.4,13,43.6,"100.099002736","94.300793591",28.2,49.6
"Drury, Brandon",592273,2022,568,22.2,6.7,".350",".316",34.8,10.4,42.2,"100.586892132","94.438998321",21.5,45.9
"Guerrero Jr., Vladimir",665489,2022,706,16.4,8.2,".351",".351",27.9,11.2,50.4,"105.507038582","97.328619789",24.4,49.7
"Edman, Tommy",669242,2022,630,17.6,7.3,".318",".308",31.6,6.2,37.8,"98.931648319","93.598664536",20.6,47
"Marte, Starling",516782,2022,505,19.2,5.1,".355",".336",38.5,6.8,33.9,"99.153544837","93.595179373",24.3,49.8
"Walker, Christian",572233,2022,667,19.6,10.3,".346",".359",33.3,11.5,44,"101.466371179","95.00141326",24.6,44.7
"Mullins II, Cedric",656775,2022,672,18.8,7,".315",".288",29.3,4.9,37.3,"98.895231356","93.569582691",22.2,51.3
"Mountcastle, Ryan",663624,2022,609,25.3,7.1,".316",".362",39.5,15,46.3,"101.941494208","95.335163391",29.8,56.2
"Grichuk, Randal",545341,2022,538,23.6,4.5,".315",".281",27.3,6.8,43.6,"101.601495926","95.066145714",24.7,50.6
"Kirk, Alejandro",672386,2022,541,10.7,11.6,".347",".351",32,6.7,45.4,"101.053304663","94.989537614",15.4,41
"Hoskins, Rhys",656555,2022,672,25.1,10.7,".345",".338",37.3,11.1,44.3,"100.842284953","94.804616643",25.7,41.9
"Grisham, Trent",663757,2022,524,28.6,10.9,".280",".296",25.5,8.1,35.5,"99.46593125","93.84436934",26.2,38.7
"Reynolds, Bryan",668804,2022,614,23,9.1,".349",".329",35.5,7.9,42.9,"100.882578564","94.722792556",27.8,50.4
"Witt Jr., Bobby",677951,2022,632,21.4,4.7,".311",".313",32.5,8.7,38.6,"100.836506783","94.527115512",25.2,51.8
"Turner, Justin",457759,2022,532,16.7,9.4,".343",".339",40.6,8,40.6,"99.002545648","93.736858523",20.3,48.2