"last_name, first_name","player_id","year","pa","hit","single","double","triple","home_run","batting_avg","slg_percent","on_base_percent","on_base_plus_slg","isolated_power","xba","xslg","woba","xwoba","xobp","xiso","wobacon","xwobacon","bacon","xbacon","xbadiff","xslgdiff","wobadiff","hard_hit_percent"
"Aguilar, Jesús",542583,2022,507,109,74,19,0,16,".235",".379",".281","0.660","0.144",".240",".393",".288",".298",".288",".153",".350",".364",".311",".321","-0.005","-0.014","-0.010",36
"Santana, Carlos",467793,2022,506,87,50,18,0,19,".202",".376",".316","0.692","0.174",".253",".438",".308",".352",".361",".185",".308",".372",".252",".318","-0.051","-0.062","-0.044",44.9
"Turner, Trea",607208,2022,708,194,130,39,4,21,".298",".466",".343","0.809","0.168",".276",".432",".350",".335",".327",".156",".406",".387",".368",".348",".022",".034",".015",41.6
"Benintendi, Andrew",643217,2022,521,140,109,23,3,5,".304",".399",".373","0.772","0.095",".273",".407",".342",".334",".347",".134",".361",".351",".360",".326",".031","-0.008",".008",38.7
"Canha, Mark",592192,2022,542,123,86,24,0,13,".266",".403",".367","0.770","0.137",".245",".362",".343",".323",".351",".117",".361",".332",".333",".309",".021",".041",".020",36.6
"Cron, C.J.",543068,2022,632,148,88,28,3,29,".257",".468",".315","0.783","0.211",".243",".435",".335",".320",".305",".192",".428",".406",".356",".340",".014",".033",".015",42.3
"Peña, Jeremy",665161,2022,558,132,88,20,2,22,".253",".426",".289","0.715","0.173",".252",".402",".309",".304",".289",".150",".388",".381",".338",".338",".001",".024",".005",36.7
"Donaldson, Josh",518626,2022,546,106,63,28,0,15,".222",".374",".308","0.682","0.152",".215",".370",".302",".299",".303",".154",".363",".360",".315",".309",".007",".004",".003",43.3
"Grisham, Trent",663757,2022,524,83,48,16,2,17,".184",".341",".284","0.625","0.157",".205",".358",".280",".296",".303",".153",".333",".361",".274",".305","-0.021","-0.017","-0.016",35.5
"Kim, Ha-Seong",673490,2022,582,130,87,29,3,11,".251",".383",".325","0.708","0.132",".250",".368",".313",".309",".324",".119",".335",".330",".309",".307",".001",".015",".004",32.4
"Chapman, Matt",656305,2022,621,123,68,27,1,27,".229",".433",".324","0.757","0.204",".234",".440",".331",".341",".331",".206",".407",".425",".330",".342","-0.005","-0.007","-0.010",51.2
"Schwarber, Kyle",656941,2022,669,126,56,21,3,46,".218",".504",".323","0.827","0.286",".237",".535",".355",".375",".341",".298",".465",".501",".332",".365","-0.019","-0.031","-0.020",54.4
"Profar, Jurickson",595777,2022,658,140,87,36,2,15,".243",".391",".331","0.722","0.148",".251",".359",".320",".315",".340",".108",".330",".323",".295",".306","-0.008",".032",".005",34.3
"Varsho, Daulton",662139,2022,592,125,72,23,3,27,".235",".443",".302","0.745","0.208",".213",".389",".323",".298",".285",".175",".392",".355",".320",".294",".022",".054",".025",35.6
"McNeil, Jeff",643446,2022,589,174,125,39,1,9,".326",".454",".382","0.836","0.128",".280",".389",".365",".323",".341",".109",".377",".325",".365",".314",".046",".065",".042",30.2
"Hoskins, Rhys",656555,2022,672,145,80,33,2,30,".246",".462",".332","0.794","0.216",".239",".445",".345",".338",".327",".207",".419",".408",".342",".333",".007",".017",".007",44.3
"Mullins II, Cedric",656775,2022,672,157,105,32,4,16,".258",".403",".318","0.721","0.145",".232",".349",".315",".288",".297",".117",".355",".318",".322",".293",".026",".054",".027",37.3
"Pollock, AJ",572041,2022,527,120,79,26,1,14,".245",".389",".292","0.681","0.144",".258",".419",".297",".317",".305",".161",".337",".364",".304",".321","-0.013","-0.030","-0.020",42
"Semien, Marcus",543760,2022,724,163,101,31,5,26,".248",".429",".304","0.733","0.181",".243",".394",".317",".306",".301",".151",".348",".333",".298",".295",".005",".035",".011",34.9
"Bellinger, Cody",641355,2022,550,106,57,27,3,19,".210",".389",".265","0.654","0.179",".213",".354",".284",".278",".271",".141",".357",".348",".294",".303","-0.003",".035",".006",38.1
"Freeman, Freddie",518692,2022,708,199,129,47,2,21,".325",".511",".407","0.918","0.186",".313",".538",".393",".403",".400",".225",".426",".440",".385",".376",".012","-0.027","-0.010",47.8
"Kirk, Alejandro",672386,2022,541,134,101,19,0,14,".285",".415",".372","0.787","0.130",".278",".431",".347",".351",".367",".153",".342",".347",".322",".316",".007","-0.016","-0.004",45.4
"Guerrero Jr., Vladimir",665489,2022,706,175,108,35,0,32,".274",".480",".339","0.819","0.206",".281",".464",".351",".351",".345",".183",".391",".391",".333",".342","-0.007",".016",".000",50.4
"Rojas, Josh",668942,2022,510,119,84,25,1,9,".269",".391",".349","0.740","0.122",".239",".361",".326",".305",".324",".123",".360",".330",".340",".304",".030",".030",".021",36.1
"Martinez, J.D.",502110,2022,596,146,86,43,1,16,".274",".448",".341","0.789","0.174",".260",".471",".343",".349",".330",".211",".420",".429",".372",".355",".014","-0.023","-0.006",41.7
"Yastrzemski, Mike",573262,2022,558,104,54,31,2,17,".214",".392",".305","0.697","0.178",".220",".392",".307",".314",".313",".172",".358",".369",".297",".309","-0.006",".000","-0.007",42.5
"Realmuto, J.T.",592663,2022,562,139,86,26,5,22,".276",".478",".342","0.820","0.202",".275",".463",".354",".351",".342",".188",".416",".412",".356",".357",".001",".015",".003",47.2
"Muncy, Max",571970,2022,565,91,47,22,1,21,".196",".384",".329","0.713","0.188",".208",".417",".318",".339",".342",".209",".348",".383",".277",".299","-0.012","-0.033","-0.021",45.6
"Flores, Wilmer",527038,2022,602,120,72,28,1,19,".229",".394",".316","0.710","0.165",".233",".370",".312",".310",".322",".137",".326",".323",".280",".288","-0.004",".024",".002",35.4
"Rizzo, Anthony",519203,2022,548,104,50,21,1,32,".224",".480",".338","0.818","0.256",".239",".454",".352",".349",".350",".215",".379",".374",".284",".303","-0.015",".026",".003",41
"Blackmon, Charlie",453568,2022,577,140,96,22,6,16,".264",".419",".314","0.733","0.155",".256",".376",".317",".301",".308",".120",".366",".345",".330",".322",".008",".043",".016",30.6
"Ward, Taylor",621493,2022,564,139,92,22,2,23,".281",".473",".360","0.833","0.192",".268",".474",".362",".361",".352",".206",".421",".420",".366",".354",".013","-0.001",".001",42.9
"Mateo, Jorge",622761,2022,533,109,64,25,7,13,".221",".379",".267","0.646","0.158",".222",".344",".281",".272",".269",".122",".362",".348",".312",".315","-0.001",".035",".009",32.7
"Edman, Tommy",669242,2022,630,153,105,31,4,13,".265",".400",".324","0.724","0.135",".258",".380",".318",".308",".318",".122",".354",".341",".328",".319",".007",".020",".010",37.8
"Hoerner, Nico",663538,2022,517,135,98,22,5,10,".281",".410",".327","0.737","0.129",".270",".367",".320",".301",".318",".097",".336",".314",".317",".306",".011",".043",".019",33.5
"Goldschmidt, Paul",502671,2022,651,178,102,41,0,35,".317",".578",".404","0.982","0.261",".261",".482",".419",".367",".357",".221",".506",".426",".420",".348",".056",".096",".052",47.4
"LeMahieu, DJ",518934,2022,541,122,92,18,0,12,".261",".377",".357","0.734","0.116",".274",".403",".329",".344",".369",".130",".324",".344",".307",".321","-0.013","-0.026","-0.015",41.1
"Turner, Justin",457759,2022,532,130,81,36,0,13,".278",".438",".350","0.788","0.160",".267",".427",".343",".339",".343",".160",".372",".367",".336",".327",".011",".011",".004",40.6
"France, Ty",664034,2022,613,151,103,27,1,20,".274",".436",".338","0.774","0.162",".262",".397",".337",".321",".330",".135",".364",".342",".327",".315",".012",".039",".016",36.8
"Hernández, César",514917,2022,617,139,106,28,4,1,".248",".318",".311","0.629","0.070",".248",".329",".283",".290",".312",".081",".307",".317",".310",".312",".000","-0.011","-0.007",29.7
"Olson, Matt",621566,2022,699,148,70,44,0,34,".240",".477",".325","0.802","0.237",".248",".467",".344",".347",".334",".219",".417",".422",".329",".343","-0.008",".010","-0.003",50.9
"Lowe, Nathaniel",663993,2022,645,179,123,26,3,27,".302",".492",".358","0.850","0.190",".275",".459",".368",".344",".333",".184",".453",".419",".401",".365",".027",".033",".024",44.8
"Crawford, J.P.",641487,2022,603,126,93,24,3,6,".243",".336",".339","0.675","0.093",".255",".337",".306",".315",".353",".081",".293",".306",".284",".302","-0.012","-0.001","-0.009",29.7
"Rengifo, Luis",650859,2022,511,129,86,22,4,17,".264",".429",".294","0.723","0.165",".254",".392",".314",".296",".285",".138",".355",".333",".315",".303",".010",".037",".018",33.6
"Arenado, Nolan",571448,2022,620,163,90,42,1,30,".293",".533",".358","0.891","0.240",".266",".445",".381",".339",".335",".180",".401",".349",".333",".304",".027",".088",".042",38.9
"Verdugo, Alex",657077,2022,644,166,115,39,1,11,".280",".405",".328","0.733","0.125",".278",".428",".319",".329",".327",".151",".342",".353",".324",".323",".002","-0.023","-0.010",38.2
"Voit III, Luke",572228,2022,568,113,69,22,0,22,".226",".402",".308","0.710","0.176",".222",".434",".311",".322",".306",".212",".411",".430",".346",".341",".004","-0.032","-0.011",44.3
"Suárez, Eugenio",553993,2022,629,128,71,24,2,31,".236",".459",".332","0.791","0.223",".220",".454",".344",".339",".321",".234",".456",".446",".364",".343",".016",".005",".005",43.5
"Gurriel Jr., Yuli",493329,2022,584,132,84,40,0,8,".242",".360",".288","0.648","0.118",".240",".319",".285",".271",".286",".079",".297",".280",".278",".276",".002",".041",".014",35.6
"Kemp, Tony",643393,2022,558,117,84,24,2,7,".235",".334",".307","0.641","0.099",".219",".291",".287",".267",".294",".072",".284",".257",".271",".254",".016",".043",".020",14.9
"Smith, Will",669257,2022,578,132,79,26,3,24,".260",".465",".343","0.808","0.205",".255",".470",".349",".349",".339",".216",".378",".379",".317",".312",".005","-0.005",".000",43
"Arozarena, Randy",668227,2022,645,154,90,41,3,20,".263",".445",".327","0.772","0.182",".234",".382",".336",".301",".301",".148",".411",".360",".356",".318",".029",".063",".035",41
"Winker, Jesse",608385,2022,547,100,71,15,0,14,".219",".344",".344","0.688","0.125",".249",".403",".313",".345",".369",".154",".311",".361",".281",".320","-0.030","-0.059","-0.032",34.3
"Nimmo, Brandon",607043,2022,673,159,106,30,7,16,".274",".433",".367","0.800","0.159",".256",".403",".353",".338",".353",".147",".377",".355",".340",".320",".018",".030",".015",39.8
"Santander, Anthony",623993,2022,647,138,81,24,0,33,".240",".455",".318","0.773","0.215",".257",".471",".336",".352",".335",".214",".373",".395",".302",".325","-0.017","-0.016","-0.016",43.3
"Seager, Corey",608369,2022,663,145,87,24,1,33,".245",".455",".317","0.772","0.210",".283",".510",".331",".372",".354",".226",".358",".413",".293",".343","-0.038","-0.055","-0.041",45.5
"Bell, Josh",605137,2022,647,147,98,29,3,17,".266",".422",".362","0.784","0.156",".273",".424",".344",".349",".369",".151",".358",".366",".322",".332","-0.007","-0.002","-0.005",40.8
"Tucker, Kyle",663656,2022,609,140,81,28,1,30,".257",".478",".330","0.808","0.221",".262",".482",".348",".353",".336",".220",".378",".386",".310",".319","-0.005","-0.004","-0.005",42.4
"Urshela, Gio",570482,2022,551,143,100,27,3,13,".285",".429",".338","0.767","0.144",".268",".416",".332",".323",".324",".148",".374",".362",".347",".329",".017",".013",".009",37.6
"Abreu, José",547989,2022,679,183,128,40,0,15,".304",".446",".378","0.824","0.142",".296",".486",".361",".373",".372",".190",".393",".410",".370",".361",".008","-0.040","-0.012",51.8
"Walker, Christian",572233,2022,667,141,78,25,2,36,".242",".477",".327","0.804","0.235",".257",".484",".346",".359",".343",".227",".388",".407",".307",".331","-0.015","-0.007","-0.013",44
"Adames, Willy",642715,2022,617,134,72,31,0,31,".238",".458",".298","0.756","0.220",".238",".451",".325",".323",".299",".213",".416",".414",".334",".335",".000",".007",".002",43.6
"Brown, Seth",664913,2022,555,115,61,26,3,25,".230",".444",".305","0.749","0.214",".251",".454",".323",".338",".324",".203",".404",".426",".324",".354","-0.021","-0.010","-0.015",41.4
"Springer III, George",543807,2022,583,137,86,22,4,25,".267",".472",".342","0.814","0.205",".265",".437",".352",".342",".342",".172",".387",".374",".328",".328",".002",".035",".010",42.3
"Yelich, Christian",592885,2022,671,145,102,25,4,14,".252",".383",".355","0.738","0.131",".258",".402",".328",".338",".360",".145",".379",".396",".349",".357","-0.006","-0.019","-0.010",48.6
"Díaz, Yandy",650490,2022,558,140,98,33,0,9,".296",".423",".401","0.824","0.127",".288",".424",".366",".365",".395",".137",".355",".353",".338",".329",".008","-0.001",".001",49
"Thomas, Lane",657041,2022,548,120,75,26,2,17,".241",".404",".301","0.705","0.163",".222",".357",".308",".286",".286",".135",".371",".339",".323",".302",".019",".047",".022",34.5
"Cruz Jr., Nelson",443558,2022,507,105,79,16,0,10,".234",".337",".313","0.650","0.103",".241",".399",".292",".320",".323",".157",".334",".377",".316",".331","-0.007","-0.062","-0.028",46.1
"Melendez Jr., MJ",669004,2022,534,100,58,21,3,18,".217",".393",".313","0.706","0.176",".237",".410",".310",".332",".334",".173",".357",".392",".298",".331","-0.020","-0.017","-0.022",43.5
"Murphy, Sean",669221,2022,612,134,77,37,2,18,".250",".426",".332","0.758","0.176",".255",".439",".331",".344",".340",".184",".371",".390",".321",".333","-0.005","-0.013","-0.013",41.4
"Schoop, Jonathan",570731,2022,510,97,62,23,1,11,".202",".322",".239","0.561","0.120",".228",".338",".245",".268",".267",".111",".286",".318",".257",".294","-0.026","-0.016","-0.023",38.6
"Kiner-Falefa, Isiah",643396,2022,531,126,102,20,0,4,".261",".327",".314","0.641","0.066",".262",".333",".285",".290",".317",".071",".297",".304",".303",".306","-0.001","-0.006","-0.005",30.1
"Torres, Gleyber",650402,2022,572,135,82,28,1,24,".257",".451",".310","0.761","0.194",".244",".441",".328",".319",".298",".198",".398",".385",".338",".321",".013",".010",".009",45.3
"Straw, Myles",664702,2022,596,118,93,22,3,0,".221",".273",".291","0.564","0.052",".236",".301",".257",".275",".306",".065",".254",".278",".261",".281","-0.015","-0.028","-0.018",26.5
"Rojas, Miguel",500743,2022,507,111,84,19,2,6,".236",".323",".283","0.606","0.087",".260",".343",".268",".289",".306",".083",".276",".301",".269",".298","-0.024","-0.020","-0.021",27.1
"Bohm, Alec",664761,2022,631,164,124,24,3,13,".280",".398",".315","0.713","0.118",".290",".436",".310",".333",".327",".146",".353",".383",".337",".353","-0.010","-0.038","-0.023",43
"Machado, Manny",592518,2022,644,172,102,37,1,32,".298",".531",".366","0.897","0.233",".264",".447",".382",".338",".338",".183",".458",".396",".385",".343",".034",".084",".044",49
"Tellez, Rowdy",642133,2022,599,116,58,23,0,35,".219",".461",".306","0.767","0.242",".252",".479",".327",".349",".337",".226",".372",".404",".282",".328","-0.033","-0.018","-0.022",46
"Kwan, Steven",680757,2022,638,168,130,25,7,6,".298",".400",".373","0.773","0.102",".268",".341",".341",".312",".348",".073",".335",".298",".331",".300",".030",".059",".029",20.8
"Rodríguez, Julio",677594,2022,560,145,89,25,3,28,".284",".509",".345","0.854","0.225",".254",".460",".366",".337",".319",".206",".471",".428",".395",".356",".030",".049",".029",50.7
"Bichette, Bo",666182,2022,697,189,121,43,1,24,".290",".469",".333","0.802","0.179",".278",".444",".347",".334",".322",".166",".426",".408",".379",".364",".012",".025",".013",50.3
"Ramírez, José",608070,2022,685,168,90,44,5,29,".280",".514",".355","0.869","0.234",".255",".408",".363",".320",".337",".153",".385",".331",".318",".295",".025",".106",".043",36.9
"Giménez, Andrés",665926,2022,557,146,100,26,3,17,".297",".466",".371","0.837","0.169",".257",".400",".364",".326",".336",".143",".422",".368",".382",".332",".040",".066",".038",37.8
"Altuve, Jose",514888,2022,604,158,91,39,0,28,".300",".533",".387","0.920","0.233",".269",".440",".397",".354",".362",".171",".425",".367",".358",".323",".031",".093",".043",29.7
"Happ, Ian",664023,2022,641,155,94,42,2,17,".271",".440",".342","0.782","0.169",".239",".379",".339",".306",".315",".140",".408",".359",".362",".322",".032",".061",".033",40.4
"Merrifield, Whit",593160,2022,550,126,86,28,1,11,".250",".375",".298","0.673","0.125",".240",".356",".294",".288",".292",".116",".318",".310",".295",".288",".010",".019",".006",31.1
"Devers, Rafael",646240,2022,614,164,94,42,1,27,".295",".521",".358","0.879","0.226",".282",".497",".373",".361",".348",".215",".436",".420",".369",".355",".013",".024",".012",50.9
"Bregman, Alex",608324,2022,656,142,81,38,0,23,".259",".454",".366","0.820","0.195",".257",".416",".358",".350",".369",".159",".348",".337",".295",".299",".002",".038",".008",37.8
"Riley, Austin",663586,2022,693,168,89,39,2,38,".273",".528",".349","0.877","0.255",".271",".531",".377",".378",".349",".260",".465",".468",".373",".372",".002","-0.003","-0.001",50.8
"Mancini III, Trey",641820,2022,587,124,82,23,1,18,".239",".391",".319","0.710","0.152",".245",".410",".312",".327",".328",".165",".361",".383",".319",".332","-0.006","-0.019","-0.015",40.4
"Grichuk, Randal",545341,2022,538,131,88,21,3,19,".259",".425",".299","0.724","0.166",".229",".370",".315",".281",".271",".141",".390",".343",".344",".305",".030",".055",".034",43.6
"McCutchen, Andrew",457705,2022,580,122,80,25,0,17,".237",".384",".316","0.700","0.147",".252",".406",".309",".325",".329",".155",".348",".371",".309",".329","-0.015","-0.022","-0.016",40
"Alvarez, Yordan",670541,2022,561,144,76,29,2,37,".306",".613",".406","1.019","0.307",".326",".669",".427",".460",".427",".343",".495",".544",".388",".419","-0.020","-0.056","-0.033",59.8
"Hays, Austin",669720,2022,582,134,81,35,2,16,".250",".413",".306","0.719","0.163",".240",".372",".314",".298",".298",".132",".359",".337",".316",".306",".010",".041",".016",37.7
"Renfroe, Hunter",592669,2022,522,121,68,23,1,29,".255",".492",".315","0.807","0.237",".240",".438",".347",".323",".303",".199",".424",".390",".340",".321",".015",".054",".024",43.6
"Hayes, Ke'Bryan",663647,2022,560,123,89,24,3,7,".244",".345",".314","0.659","0.101",".246",".350",".294",".300",".318",".104",".333",".341",".319",".324","-0.002","-0.005","-0.006",46.8
"Soto, Juan",665742,2022,664,127,73,25,2,27,".242",".452",".401","0.853","0.210",".266",".501",".376",".401",".420",".235",".363",".402",".297",".326","-0.024","-0.049","-0.025",47.4
"Pham, Tommy",502054,2022,622,131,90,23,1,17,".236",".374",".312","0.686","0.138",".238",".383",".304",".311",".315",".145",".371",".383",".334",".340","-0.002","-0.009","-0.007",48.5
"Correa, Carlos",621043,2022,590,152,105,24,1,22,".291",".467",".366","0.833","0.176",".272",".480",".362",".360",".350",".208",".420",".418",".375",".352",".019","-0.013",".002",44.7
"Lindor, Francisco",596019,2022,706,170,114,25,5,26,".270",".449",".339","0.788","0.179",".254",".427",".342",".331",".326",".173",".385",".370",".337",".320",".016",".022",".011",41.3
"Marte, Ketel",606466,2022,558,118,62,42,2,12,".240",".407",".321","0.728","0.167",".251",".377",".317",".315",".333",".126",".343",".341",".298",".315","-0.011",".030",".002",41.9
"Reynolds, Bryan",668804,2022,614,142,92,19,4,27,".262",".461",".345","0.806","0.199",".249",".416",".349",".329",".334",".167",".416",".385",".352",".336",".013",".045",".020",42.9
"Judge, Aaron",592450,2022,696,177,87,28,0,62,".311",".686",".425","1.111","0.375",".305",".706",".458",".463",".422",".401",".602",".611",".443",".437",".006","-0.020","-0.005",61.8
"Drury, Brandon",592273,2022,568,136,75,31,2,28,".263",".492",".320","0.812","0.229",".242",".420",".350",".316",".303",".179",".421",".373",".343",".318",".021",".072",".034",42.2
"García, Adolis",666969,2022,657,151,85,34,5,27,".250",".456",".300","0.756","0.206",".244",".447",".324",".322",".296",".204",".425",".422",".353",".347",".006",".009",".002",47.4
"Castellanos, Nick",592206,2022,558,138,98,27,0,13,".263",".389",".305","0.694","0.126",".250",".395",".304",".302",".293",".145",".373",".370",".348",".332",".013","-0.006",".002",35.1
"Ohtani, Shohei",660271,2022,666,160,90,30,6,34,".273",".519",".356","0.875","0.246",".275",".549",".370",".383",".358",".274",".461",".481",".374",".377","-0.002","-0.030","-0.013",49.8
"Betts, Mookie",605141,2022,639,154,76,40,3,35,".269",".533",".340","0.873","0.264",".254",".465",".373",".344",".327",".211",".413",".373",".326",".309",".015",".068",".029",44.9
"Alonso, Pete",624413,2022,685,162,95,27,0,40,".271",".518",".352","0.870","0.247",".262",".486",".366",".353",".345",".225",".420",".403",".339",".330",".009",".032",".013",44.8
"Andrus, Elvis",462101,2022,577,133,84,32,0,17,".249",".404",".303","0.707","0.155",".245",".360",".310",".293",".300",".114",".338",".316",".300",".296",".004",".044",".017",34.8
"Cronenworth, Jake",630105,2022,684,140,89,30,4,17,".239",".390",".332","0.722","0.151",".221",".356",".318",".303",".319",".135",".341",".318",".302",".282",".018",".034",".015",34.1
"Farmer, Kyle",571657,2022,583,134,94,25,1,14,".255",".386",".315","0.701","0.131",".258",".380",".309",".311",".320",".122",".335",".339",".309",".317","-0.003",".006","-0.002",33.8
"Swanson, Dansby",621020,2022,696,177,119,32,1,25,".277",".447",".329","0.776","0.170",".257",".461",".337",".337",".314",".204",".431",".430",".383",".360",".020","-0.014",".000",46.3
"Escobar, Eduardo",500871,2022,542,119,69,26,4,20,".240",".430",".295","0.725","0.190",".243",".427",".311",".314",".300",".183",".381",".385",".320",".326","-0.003",".003","-0.003",37.6
"Marte, Starling",516782,2022,505,136,91,24,5,16,".292",".468",".347","0.815","0.176",".276",".428",".355",".336",".332",".153",".412",".386",".369",".348",".016",".040",".019",33.9
"Bogaerts, Xander",593428,2022,631,171,118,38,0,15,".307",".456",".377","0.833","0.149",".259",".383",".363",".323",".338",".124",".411",".354",".383",".328",".048",".073",".040",39.5
"Rodgers, Brendan",663898,2022,581,140,94,30,3,13,".266",".408",".325","0.733","0.142",".265",".404",".321",".326",".330",".139",".354",".361",".325",".331",".001",".004","-0.005",45.9
"McMahon, Ryan",641857,2022,597,130,84,23,3,20,".246",".414",".327","0.741","0.168",".247",".423",".326",".330",".329",".175",".400",".407",".348",".351","-0.001","-0.009","-0.004",46.5
"Vaughn, Andrew",683734,2022,555,138,92,28,1,17,".271",".429",".321","0.750","0.158",".255",".415",".327",".319",".311",".160",".366",".357",".329",".316",".016",".014",".008",48.6
"Frazier, Adam",624428,2022,602,129,100,22,4,3,".238",".311",".301","0.612","0.073",".262",".339",".274",".297",".324",".077",".272",".302",".272",".301","-0.024","-0.028","-0.023",24.5
"Hernández, Teoscar",606192,2022,535,133,72,35,1,25,".267",".491",".316","0.807","0.224",".265",".501",".348",".351",".314",".236",".465",".470",".383",".380",".002","-0.010","-0.003",53.3
"Arraez, Luis",650333,2022,603,173,133,31,1,8,".316",".420",".375","0.795","0.104",".288",".408",".350",".333",".350",".121",".345",".326",".341",".311",".028",".012",".017",30.2
"Báez, Javier",595879,2022,590,132,84,27,4,17,".238",".393",".278","0.671","0.155",".226",".374",".291",".281",".268",".148",".365",".351",".321",".307",".012",".019",".010",38
"Witt Jr., Bobby",677951,2022,632,150,93,31,6,20,".254",".428",".294","0.722","0.174",".252",".427",".311",".313",".294",".174",".374",".377",".325",".326",".002",".001","-0.002",38.6
"Wisdom, Patrick",621550,2022,534,97,44,28,0,25,".207",".426",".298","0.724","0.219",".188",".380",".316",".295",".284",".191",".438",".399",".337",".311",".019",".046",".021",46.3
"Acuña Jr., Ronald",660670,2022,533,124,85,24,0,15,".266",".413",".351","0.764","0.147",".272",".486",".335",".366",".358",".214",".397",".444",".360",".371","-0.006","-0.073","-0.031",49.7
"Mountcastle, Ryan",663624,2022,609,139,88,28,1,22,".250",".423",".305","0.728","0.173",".277",".509",".316",".362",".332",".232",".393",".463",".341",".381","-0.027","-0.086","-0.046",46.3
"Estrada, Thairo",642731,2022,541,127,89,22,2,14,".260",".400",".322","0.722","0.140",".246",".352",".317",".299",".312",".107",".343",".319",".314",".301",".014",".048",".018",31.1
"Rosario, Amed",642708,2022,670,180,134,26,9,11,".283",".403",".312","0.715","0.120",".276",".396",".311",".310",".308",".120",".356",".354",".340",".335",".007",".007",".001",38.3
"Ozuna, Marcell",542303,2022,507,106,64,19,0,23,".226",".413",".274","0.687","0.187",".253",".475",".298",".334",".300",".222",".364",".417",".301",".339","-0.027","-0.062","-0.036",43.8