"abrev_team_name","team_name","ballpark","left_field","center_field","right_field","min_wall_height","max_wall_height","hr_park_effects","extra_distance","avg_temp","elevation","roof","daytime","last_name, first_name","player_id","year","pa","hit","single","double","triple","home_run","batting_avg","slg_percent","on_base_percent","on_base_plus_slg","isolated_power","xba","xslg","woba","xwoba","xobp","xiso","wobacon","xwobacon","bacon","xbacon","xbadiff","xslgdiff","wobadiff","hard_hit_percent","league_name"
"ATL","Atlanta Braves","Truist Park",335,400,325,11,15,99,1.8,79.2,1001,0,0.31,"Olson, Matt",621566,2022,699,148,70,44,0,34,0.24,0.477,0.325,0.802,0.237,0.248,0.467,0.344,0.347,0.334,0.219,0.417,0.422,0.329,0.343,-0.008,0.01,-0.003,50.9,"NL"
"ATL","Atlanta Braves","Truist Park",335,400,325,11,15,99,1.8,79.2,1001,0,0.31,"Riley, Austin",663586,2022,693,168,89,39,2,38,0.273,0.528,0.349,0.877,0.255,0.271,0.531,0.377,0.378,0.349,0.26,0.465,0.468,0.373,0.372,0.002,-0.003,-0.001,50.8,"NL"
"ATL","Atlanta Braves","Truist Park",335,400,325,11,15,99,1.8,79.2,1001,0,0.31,"Swanson, Dansby",621020,2022,696,177,119,32,1,25,0.277,0.447,0.329,0.776,0.17,0.257,0.461,0.337,0.337,0.314,0.204,0.431,0.43,0.383,0.36,0.02,-0.014,0,46.3,"NL"
"ATL","Atlanta Braves","Truist Park",335,400,325,11,15,99,1.8,79.2,1001,0,0.31,"Acuña Jr., Ronald",660670,2022,533,124,85,24,0,15,0.266,0.413,0.351,0.764,0.147,0.272,0.486,0.335,0.366,0.358,0.214,0.397,0.444,0.36,0.371,-0.006,-0.073,-0.031,49.7,"NL"
"ATL","Atlanta Braves","Truist Park",335,400,325,11,15,99,1.8,79.2,1001,0,0.31,"Ozuna, Marcell",542303,2022,507,106,64,19,0,23,0.226,0.413,0.274,0.687,0.187,0.253,0.475,0.298,0.334,0.3,0.222,0.364,0.417,0.301,0.339,-0.027,-0.062,-0.036,43.8,"NL"
"AZ","Arizona Diamondbacks","Chase Field",328,407,335,7.6,25,84,13.2,80.8,1086,0.81,0.31,"Varsho, Daulton",662139,2022,592,125,72,23,3,27,0.235,0.443,0.302,0.745,0.208,0.213,0.389,0.323,0.298,0.285,0.175,0.392,0.355,0.32,0.294,0.022,0.054,0.025,35.6,"NL"
"AZ","Arizona Diamondbacks","Chase Field",328,407,335,7.6,25,84,13.2,80.8,1086,0.81,0.31,"Rojas, Josh",668942,2022,510,119,84,25,1,9,0.269,0.391,0.349,0.74,0.122,0.239,0.361,0.326,0.305,0.324,0.123,0.36,0.33,0.34,0.304,0.03,0.03,0.021,36.1,"NL"
"AZ","Arizona Diamondbacks","Chase Field",328,407,335,7.6,25,84,13.2,80.8,1086,0.81,0.31,"Walker, Christian",572233,2022,667,141,78,25,2,36,0.242,0.477,0.327,0.804,0.235,0.257,0.484,0.346,0.359,0.343,0.227,0.388,0.407,0.307,0.331,-0.015,-0.007,-0.013,44,"NL"
"AZ","Arizona Diamondbacks","Chase Field",328,407,335,7.6,25,84,13.2,80.8,1086,0.81,0.31,"Marte, Ketel",606466,2022,558,118,62,42,2,12,0.24,0.407,0.321,0.728,0.167,0.251,0.377,0.317,0.315,0.333,0.126,0.343,0.341,0.298,0.315,-0.011,0.03,0.002,41.9,"NL"
"BAL","Baltimore Orioles","Oriole Park at Camden Yards",333,400,318,7,21,107,-0.5,76.4,33,0,0.35,"Aguilar, Jesús",542583,2022,507,109,74,19,0,16,0.235,0.379,0.281,0.66,0.144,0.24,0.393,0.288,0.298,0.288,0.153,0.35,0.364,0.311,0.321,-0.005,-0.014,-0.01,36,"AL"
"BAL","Baltimore Orioles","Oriole Park at Camden Yards",333,400,318,7,21,107,-0.5,76.4,33,0,0.35,"Mullins II, Cedric",656775,2022,672,157,105,32,4,16,0.258,0.403,0.318,0.721,0.145,0.232,0.349,0.315,0.288,0.297,0.117,0.355,0.318,0.322,0.293,0.026,0.054,0.027,37.3,"AL"
"BAL","Baltimore Orioles","Oriole Park at Camden Yards",333,400,318,7,21,107,-0.5,76.4,33,0,0.35,"Mateo, Jorge",622761,2022,533,109,64,25,7,13,0.221,0.379,0.267,0.646,0.158,0.222,0.344,0.281,0.272,0.269,0.122,0.362,0.348,0.312,0.315,-0.001,0.035,0.009,32.7,"AL"
"BAL","Baltimore Orioles","Oriole Park at Camden Yards",333,400,318,7,21,107,-0.5,76.4,33,0,0.35,"Santander, Anthony",623993,2022,647,138,81,24,0,33,0.24,0.455,0.318,0.773,0.215,0.257,0.471,0.336,0.352,0.335,0.214,0.373,0.395,0.302,0.325,-0.017,-0.016,-0.016,43.3,"AL"
"BAL","Baltimore Orioles","Oriole Park at Camden Yards",333,400,318,7,21,107,-0.5,76.4,33,0,0.35,"Hays, Austin",669720,2022,582,134,81,35,2,16,0.25,0.413,0.306,0.719,0.163,0.24,0.372,0.314,0.298,0.298,0.132,0.359,0.337,0.316,0.306,0.01,0.041,0.016,37.7,"AL"
"BAL","Baltimore Orioles","Oriole Park at Camden Yards",333,400,318,7,21,107,-0.5,76.4,33,0,0.35,"Mountcastle, Ryan",663624,2022,609,139,88,28,1,22,0.25,0.423,0.305,0.728,0.173,0.277,0.509,0.316,0.362,0.332,0.232,0.393,0.463,0.341,0.381,-0.027,-0.086,-0.046,46.3,"AL"
"BOS","Boston Red Sox","Fenway Park",310,420,302,3,37,102,-4.7,69.5,21,0,0.31,"Martinez, J.D.",502110,2022,596,146,86,43,1,16,0.274,0.448,0.341,0.789,0.174,0.26,0.471,0.343,0.349,0.33,0.211,0.42,0.429,0.372,0.355,0.014,-0.023,-0.006,41.7,"AL"
"BOS","Boston Red Sox","Fenway Park",310,420,302,3,37,102,-4.7,69.5,21,0,0.31,"Verdugo, Alex",657077,2022,644,166,115,39,1,11,0.28,0.405,0.328,0.733,0.125,0.278,0.428,0.319,0.329,0.327,0.151,0.342,0.353,0.324,0.323,0.002,-0.023,-0.01,38.2,"AL"
"BOS","Boston Red Sox","Fenway Park",310,420,302,3,37,102,-4.7,69.5,21,0,0.31,"Devers, Rafael",646240,2022,614,164,94,42,1,27,0.295,0.521,0.358,0.879,0.226,0.282,0.497,0.373,0.361,0.348,0.215,0.436,0.42,0.369,0.355,0.013,0.024,0.012,50.9,"AL"
"BOS","Boston Red Sox","Fenway Park",310,420,302,3,37,102,-4.7,69.5,21,0,0.31,"Pham, Tommy",502054,2022,622,131,90,23,1,17,0.236,0.374,0.312,0.686,0.138,0.238,0.383,0.304,0.311,0.315,0.145,0.371,0.383,0.334,0.34,-0.002,-0.009,-0.007,48.5,"AL"
"BOS","Boston Red Sox","Fenway Park",310,420,302,3,37,102,-4.7,69.5,21,0,0.31,"Bogaerts, Xander",593428,2022,631,171,118,38,0,15,0.307,0.456,0.377,0.833,0.149,0.259,0.383,0.363,0.323,0.338,0.124,0.411,0.354,0.383,0.328,0.048,0.073,0.04,39.5,"AL"
"CHC","Chicago Cubs","Wrigley Field",355,400,353,11.5,15,97,-3.4,70.2,595,0,0.55,"Hoerner, Nico",663538,2022,517,135,98,22,5,10,0.281,0.41,0.327,0.737,0.129,0.27,0.367,0.32,0.301,0.318,0.097,0.336,0.314,0.317,0.306,0.011,0.043,0.019,33.5,"NL"
"CHC","Chicago Cubs","Wrigley Field",355,400,353,11.5,15,97,-3.4,70.2,595,0,0.55,"Happ, Ian",664023,2022,641,155,94,42,2,17,0.271,0.44,0.342,0.782,0.169,0.239,0.379,0.339,0.306,0.315,0.14,0.408,0.359,0.362,0.322,0.032,0.061,0.033,40.4,"NL"
"CHC","Chicago Cubs","Wrigley Field",355,400,353,11.5,15,97,-3.4,70.2,595,0,0.55,"Wisdom, Patrick",621550,2022,534,97,44,28,0,25,0.207,0.426,0.298,0.724,0.219,0.188,0.38,0.316,0.295,0.284,0.191,0.438,0.399,0.337,0.311,0.019,0.046,0.021,46.3,"NL"
"CIN","Cincinnati Reds","Great American Ball Park",328,404,325,8,12,150,1.6,77.9,535,0,0.5,"Farmer, Kyle",571657,2022,583,134,94,25,1,14,0.255,0.386,0.315,0.701,0.131,0.258,0.38,0.309,0.311,0.32,0.122,0.335,0.339,0.309,0.317,-0.003,0.006,-0.002,33.8,"NL"
"CLE","Cleveland Guardians","Progressive Field",325,405,325,9,19,100,-6.5,70.8,653,0,0.36,"Straw, Myles",664702,2022,596,118,93,22,3,0,0.221,0.273,0.291,0.564,0.052,0.236,0.301,0.257,0.275,0.306,0.065,0.254,0.278,0.261,0.281,-0.015,-0.028,-0.018,26.5,"AL"
"CLE","Cleveland Guardians","Progressive Field",325,405,325,9,19,100,-6.5,70.8,653,0,0.36,"Kwan, Steven",680757,2022,638,168,130,25,7,6,0.298,0.4,0.373,0.773,0.102,0.268,0.341,0.341,0.312,0.348,0.073,0.335,0.298,0.331,0.3,0.03,0.059,0.029,20.8,"AL"
"CLE","Cleveland Guardians","Progressive Field",325,405,325,9,19,100,-6.5,70.8,653,0,0.36,"Ramírez, José",608070,2022,685,168,90,44,5,29,0.28,0.514,0.355,0.869,0.234,0.255,0.408,0.363,0.32,0.337,0.153,0.385,0.331,0.318,0.295,0.025,0.106,0.043,36.9,"AL"
"CLE","Cleveland Guardians","Progressive Field",325,405,325,9,19,100,-6.5,70.8,653,0,0.36,"Giménez, Andrés",665926,2022,557,146,100,26,3,17,0.297,0.466,0.371,0.837,0.169,0.257,0.4,0.364,0.326,0.336,0.143,0.422,0.368,0.382,0.332,0.04,0.066,0.038,37.8,"AL"
"CLE","Cleveland Guardians","Progressive Field",325,405,325,9,19,100,-6.5,70.8,653,0,0.36,"Rosario, Amed",642708,2022,670,180,134,26,9,11,0.283,0.403,0.312,0.715,0.12,0.276,0.396,0.311,0.31,0.308,0.12,0.356,0.354,0.34,0.335,0.007,0.007,0.001,38.3,"AL"
"COL","Colorado Rockies","Coors Field",347,415,350,8,17,115,22,75.4,5190,0,0.38,"Cron, C.J.",543068,2022,632,148,88,28,3,29,0.257,0.468,0.315,0.783,0.211,0.243,0.435,0.335,0.32,0.305,0.192,0.428,0.406,0.356,0.34,0.014,0.033,0.015,42.3,"NL"
"COL","Colorado Rockies","Coors Field",347,415,350,8,17,115,22,75.4,5190,0,0.38,"Blackmon, Charlie",453568,2022,577,140,96,22,6,16,0.264,0.419,0.314,0.733,0.155,0.256,0.376,0.317,0.301,0.308,0.12,0.366,0.345,0.33,0.322,0.008,0.043,0.016,30.6,"NL"
"COL","Colorado Rockies","Coors Field",347,415,350,8,17,115,22,75.4,5190,0,0.38,"Grichuk, Randal",545341,2022,538,131,88,21,3,19,0.259,0.425,0.299,0.724,0.166,0.229,0.37,0.315,0.281,0.271,0.141,0.39,0.343,0.344,0.305,0.03,0.055,0.034,43.6,"NL"
"COL","Colorado Rockies","Coors Field",347,415,350,8,17,115,22,75.4,5190,0,0.38,"Rodgers, Brendan",663898,2022,581,140,94,30,3,13,0.266,0.408,0.325,0.733,0.142,0.265,0.404,0.321,0.326,0.33,0.139,0.354,0.361,0.325,0.331,0.001,0.004,-0.005,45.9,"NL"
"COL","Colorado Rockies","Coors Field",347,415,350,8,17,115,22,75.4,5190,0,0.38,"McMahon, Ryan",641857,2022,597,130,84,23,3,20,0.246,0.414,0.327,0.741,0.168,0.247,0.423,0.326,0.33,0.329,0.175,0.4,0.407,0.348,0.351,-0.001,-0.009,-0.004,46.5,"NL"
"CWS","Chicago White Sox","Guaranteed Rate Field",330,400,335,8,8,124,-1.7,71.6,595,0,0.38,"Pollock, AJ",572041,2022,527,120,79,26,1,14,0.245,0.389,0.292,0.681,0.144,0.258,0.419,0.297,0.317,0.305,0.161,0.337,0.364,0.304,0.321,-0.013,-0.03,-0.02,42,"AL"
"CWS","Chicago White Sox","Guaranteed Rate Field",330,400,335,8,8,124,-1.7,71.6,595,0,0.38,"Abreu, José",547989,2022,679,183,128,40,0,15,0.304,0.446,0.378,0.824,0.142,0.296,0.486,0.361,0.373,0.372,0.19,0.393,0.41,0.37,0.361,0.008,-0.04,-0.012,51.8,"AL"
"CWS","Chicago White Sox","Guaranteed Rate Field",330,400,335,8,8,124,-1.7,71.6,595,0,0.38,"Andrus, Elvis",462101,2022,577,133,84,32,0,17,0.249,0.404,0.303,0.707,0.155,0.245,0.36,0.31,0.293,0.3,0.114,0.338,0.316,0.3,0.296,0.004,0.044,0.017,34.8,"AL"
"CWS","Chicago White Sox","Guaranteed Rate Field",330,400,335,8,8,124,-1.7,71.6,595,0,0.38,"Vaughn, Andrew",683734,2022,555,138,92,28,1,17,0.271,0.429,0.321,0.75,0.158,0.255,0.415,0.327,0.319,0.311,0.16,0.366,0.357,0.329,0.316,0.016,0.014,0.008,48.6,"AL"
"DET","Detroit Tigers","Comerica Park",345,420,330,7,9,75,-7.7,73.3,600,0,0.61,"Schoop, Jonathan",570731,2022,510,97,62,23,1,11,0.202,0.322,0.239,0.561,0.12,0.228,0.338,0.245,0.268,0.267,0.111,0.286,0.318,0.257,0.294,-0.026,-0.016,-0.023,38.6,"AL"
"DET","Detroit Tigers","Comerica Park",345,420,330,7,9,75,-7.7,73.3,600,0,0.61,"Báez, Javier",595879,2022,590,132,84,27,4,17,0.238,0.393,0.278,0.671,0.155,0.226,0.374,0.291,0.281,0.268,0.148,0.365,0.351,0.321,0.307,0.012,0.019,0.01,38,"AL"
"HOU","Houston Astros","Minute Maid Park",315,409,326,7,21,101,-1.3,73,45,0.99,0.32,"Peña, Jeremy",665161,2022,558,132,88,20,2,22,0.253,0.426,0.289,0.715,0.173,0.252,0.402,0.309,0.304,0.289,0.15,0.388,0.381,0.338,0.338,0.001,0.024,0.005,36.7,"AL"
"HOU","Houston Astros","Minute Maid Park",315,409,326,7,21,101,-1.3,73,45,0.99,0.32,"Gurriel Jr., Yuli",493329,2022,584,132,84,40,0,8,0.242,0.36,0.288,0.648,0.118,0.24,0.319,0.285,0.271,0.286,0.079,0.297,0.28,0.278,0.276,0.002,0.041,0.014,35.6,"AL"
"HOU","Houston Astros","Minute Maid Park",315,409,326,7,21,101,-1.3,73,45,0.99,0.32,"Tucker, Kyle",663656,2022,609,140,81,28,1,30,0.257,0.478,0.33,0.808,0.221,0.262,0.482,0.348,0.353,0.336,0.22,0.378,0.386,0.31,0.319,-0.005,-0.004,-0.005,42.4,"AL"
"HOU","Houston Astros","Minute Maid Park",315,409,326,7,21,101,-1.3,73,45,0.99,0.32,"Altuve, Jose",514888,2022,604,158,91,39,0,28,0.3,0.533,0.387,0.92,0.233,0.269,0.44,0.397,0.354,0.362,0.171,0.425,0.367,0.358,0.323,0.031,0.093,0.043,29.7,"AL"
"HOU","Houston Astros","Minute Maid Park",315,409,326,7,21,101,-1.3,73,45,0.99,0.32,"Bregman, Alex",608324,2022,656,142,81,38,0,23,0.259,0.454,0.366,0.82,0.195,0.257,0.416,0.358,0.35,0.369,0.159,0.348,0.337,0.295,0.299,0.002,0.038,0.008,37.8,"AL"
"HOU","Houston Astros","Minute Maid Park",315,409,326,7,21,101,-1.3,73,45,0.99,0.32,"Mancini III, Trey",641820,2022,587,124,82,23,1,18,0.239,0.391,0.319,0.71,0.152,0.245,0.41,0.312,0.327,0.328,0.165,0.361,0.383,0.319,0.332,-0.006,-0.019,-0.015,40.4,"AL"
"HOU","Houston Astros","Minute Maid Park",315,409,326,7,21,101,-1.3,73,45,0.99,0.32,"Alvarez, Yordan",670541,2022,561,144,76,29,2,37,0.306,0.613,0.406,1.019,0.307,0.326,0.669,0.427,0.46,0.427,0.343,0.495,0.544,0.388,0.419,-0.02,-0.056,-0.033,59.8,"AL"
"KC","Kansas City Royals","Kauffman Stadium",330,410,330,9,9,79,4.8,77.4,856,0,0.49,"Melendez Jr., MJ",669004,2022,534,100,58,21,3,18,0.217,0.393,0.313,0.706,0.176,0.237,0.41,0.31,0.332,0.334,0.173,0.357,0.392,0.298,0.331,-0.02,-0.017,-0.022,43.5,"AL"
"KC","Kansas City Royals","Kauffman Stadium",330,410,330,9,9,79,4.8,77.4,856,0,0.49,"Witt Jr., Bobby",677951,2022,632,150,93,31,6,20,0.254,0.428,0.294,0.722,0.174,0.252,0.427,0.311,0.313,0.294,0.174,0.374,0.377,0.325,0.326,0.002,0.001,-0.002,38.6,"AL"
"LAA","Los Angeles Angels","Angel Stadium",330,396,330,5,8,121,1.3,76.8,151,0,0.28,"Ward, Taylor",621493,2022,564,139,92,22,2,23,0.281,0.473,0.36,0.833,0.192,0.268,0.474,0.362,0.361,0.352,0.206,0.421,0.42,0.366,0.354,0.013,-0.001,0.001,42.9,"AL"
